{
  "timestamp": "2026-06-11 11:04:19",
  "neural_network": {
    "accuracy": 0.9203187250996016,
    "f1_weighted": 0.9214115306001042,
    "f1_macro": 0.8558715717764052,
    "f1_micro": 0.9203187250996016,
    "precision_weighted": 0.9276946543199021,
    "recall_weighted": 0.9203187250996016,
    "precision_per_class": [
      0.7419354838709677,
      0.9,
      0.75,
      0.9736842105263158
    ],
    "recall_per_class": [
      1.0,
      0.9473684210526315,
      0.6666666666666666,
      0.9135802469135802
    ],
    "f1_per_class": [
      0.8518518518518519,
      0.9230769230769231,
      0.7058823529411765,
      0.9426751592356688
    ],
    "confusion_matrix": [
      [
        23,
        0,
        0,
        0
      ],
      [
        1,
        54,
        0,
        2
      ],
      [
        1,
        0,
        6,
        2
      ],
      [
        6,
        6,
        2,
        148
      ]
    ],
    "support": [
      23,
      57,
      9,
      162
    ],
    "class_names": [
      "–Ъ—А–Є—В–Є—З–љ–Є–є —Б—В—А–µ—Б",
      "–Я–Њ–Љ—Ц—А–љ–Є–є —Б—В—А–µ—Б",
      "–Ы–µ–≥–Ї–Є–є —Б—В—А–µ—Б",
      "–Ч–і–Њ—А–Њ–≤–∞ —А–Њ—Б–ї–Є–љ–∞"
    ],
    "roc_auc": 0.9812306946505716,
    "roc_auc_per_class": [
      0.9979023646071701,
      0.9935793090974859,
      0.9632690541781451,
      0.9755167152170898
    ]
  },
  "cross_validation": {
    "accuracy_mean": 0.8882581673306772,
    "accuracy_std": 0.012690192638043264,
    "f1_mean": 0.8826110188672407,
    "f1_std": 0.012707477781925186
  },
  "baselines": {
    "RandomForest": {
      "accuracy": 0.9920318725099602,
      "f1_weighted": 0.9915583066506979
    },
    "SVM": {
      "accuracy": 0.8884462151394422,
      "f1_weighted": 0.8888863429579071
    },
    "GradientBoosting": {
      "accuracy": 0.9960159362549801,
      "f1_weighted": 0.9960270909899237
    }
  },
  "roc_curves": {
    "auc_per_class": {
      "–Ъ—А–Є—В–Є—З–љ–Є–є —Б—В—А–µ—Б": 0.9979023646071701,
      "–Я–Њ–Љ—Ц—А–љ–Є–є —Б—В—А–µ—Б": 0.9935793090974859,
      "–Ы–µ–≥–Ї–Є–є —Б—В—А–µ—Б": 0.9632690541781451,
      "–Ч–і–Њ—А–Њ–≤–∞ —А–Њ—Б–ї–Є–љ–∞": 0.9755167152170898
    },
    "auc_micro": 0.990783215081242,
    "auc_macro": 0.9838301320872508
  },
  "error_analysis": {
    "n_errors": 20,
    "error_rate": 0.0796812749003984,
    "confusion_pairs": {
      "–Ч–і–Њ—А–Њ–≤–∞ —А–Њ—Б–ї–Є–љ–∞вЖТ–Ы–µ–≥–Ї–Є–є —Б—В—А–µ—Б": 2,
      "–Я–Њ–Љ—Ц—А–љ–Є–є —Б—В—А–µ—БвЖТ–Ч–і–Њ—А–Њ–≤–∞ —А–Њ—Б–ї–Є–љ–∞": 2,
      "–Ч–і–Њ—А–Њ–≤–∞ —А–Њ—Б–ї–Є–љ–∞вЖТ–Я–Њ–Љ—Ц—А–љ–Є–є —Б—В—А–µ—Б": 6,
      "–Ы–µ–≥–Ї–Є–є —Б—В—А–µ—БвЖТ–Ъ—А–Є—В–Є—З–љ–Є–є —Б—В—А–µ—Б": 1,
      "–Ч–і–Њ—А–Њ–≤–∞ —А–Њ—Б–ї–Є–љ–∞вЖТ–Ъ—А–Є—В–Є—З–љ–Є–є —Б—В—А–µ—Б": 6,
      "–Ы–µ–≥–Ї–Є–є —Б—В—А–µ—БвЖТ–Ч–і–Њ—А–Њ–≤–∞ —А–Њ—Б–ї–Є–љ–∞": 2,
      "–Я–Њ–Љ—Ц—А–љ–Є–є —Б—В—А–µ—БвЖТ–Ъ—А–Є—В–Є—З–љ–Є–є —Б—В—А–µ—Б": 1
    }
  },
  "arch_comparison": {
    "MLP": {
      "accuracy": 0.8247011952191236,
      "f1_weighted": 0.8363013859071896,
      "f1_macro": 0.738201175909741,
      "roc_auc": 0.9629758171257792,
      "train_time": 7.355675220489502,
      "n_params": 12516,
      "n_epochs": 20
    },
    "CNN": {
      "accuracy": 0.7330677290836654,
      "f1_weighted": 0.7387761028321107,
      "f1_macro": 0.602056592602924,
      "roc_auc": 0.8914761299493983,
      "train_time": 7.566157102584839,
      "n_params": 34244,
      "n_epochs": 20
    }
  },
  "split": {
    "train": 1002,
    "test": 251,
    "validation_split": 0.2,
    "split_strategy": "80/20 train/test (train_test_split); val-–Ї—А–Є–≤—Ц —З–µ—А–µ–Ј Keras validation_split=0.2",
    "dataset": "plant_health_biosensor_dataset.csv"
  },
  "smote": {
    "applied": true,
    "before": {
      "3": 649,
      "0": 91,
      "1": 228,
      "2": 34
    },
    "after": {
      "3": 649,
      "0": 649,
      "1": 649,
      "2": 649
    }
  },
  "visualizations": {
    "class_distribution_original": "results/class_dist_original.png",
    "smote_comparison": "results/smote_comparison.png",
    "correlation_heatmap": "results/correlation.png",
    "confusion_matrix": "results/confusion_matrix.png",
    "roc_curves": "results/roc_curves.png",
    "training_history": "results/training_history_mlp.png",
    "error_analysis": "results/error_analysis.png"
  }
}