Конфігурація,Val Accuracy,F1 (weighted),F1 (macro),ROC-AUC
mlp_basic,0.9203187250996016,0.9211582242458737,0.8655073422283566,0.981453095471439
mlp_class_weights,0.8884462151394422,0.8906780350824552,0.8438099375881472,0.9795585443132062
mlp_full,0.848605577689243,0.8548960291793286,0.7779725536007174,0.9557884991343445
