Конфігурація,Accuracy,F1 (weighted),F1 (macro),ROC-AUC
mlp_basic,0.8409974093264249,0.8396877715207376,0.7582751142578628,0.9491730387865109
mlp_smote,0.8516839378238342,0.8550676175780804,0.8017817878382464,0.9472591381839496
mlp_class_weights,0.8565414507772021,0.8617659206186872,0.8125367481541712,0.9483733358610119
mlp_full,0.8571891191709845,0.8623216611508921,0.8183018632799882,0.9537981251988541
