Конфігурація,Accuracy,F1 (weighted),F1 (macro),ROC-AUC
mlp_basic,0.8367875647668394,0.8377578764990719,0.7460091318552111,0.9469484079449535
mlp_smote,0.8180051813471503,0.8259858586371246,0.7660180879047995,0.9458995446477675
mlp_class_weights,0.7810880829015544,0.7942162600896547,0.7218648211927328,0.934584597450824
mlp_full,0.7865932642487047,0.7976960184526737,0.7330349728959644,0.9426710288734426
