Конфігурація,Accuracy,F1 (weighted),F1 (macro),ROC-AUC
mlp_basic,0.9106145251396648,0.9065959426928545,0.8376886843860496,0.9878948075353197
mlp_smote,0.9185953711093376,0.9175144293975213,0.8462319959342394,0.9802981011633809
mlp_class_weights,0.9321628092577813,0.9325464343628127,0.8783760775216265,0.9887164015794531
mlp_full,0.9321628092577813,0.9328707537521748,0.8834946317071374,0.988713936205967
