Конфігурація,Accuracy,F1 (weighted),F1 (macro),ROC-AUC
mlp_basic,0.8474740932642487,0.8476726225704977,0.7690498066075923,0.9455057886676349
mlp_smote,0.8409974093264249,0.8468727306483538,0.7890019349025077,0.941380922971055
mlp_class_weights,0.8335492227979274,0.84017569879051,0.7820546414730818,0.9458398257591235
mlp_full,0.8406735751295337,0.8470070209415327,0.7933859820107274,0.952958942832825
