class,count,percent,fluorescence_mean,fluorescence_std
0,114,9.098164405426976,61.16172833564339,4.634075549566449
1,285,22.745411013567438,50.00229502484295,9.68329245272872
2,43,3.4317637669592975,50.914525697573005,7.501591671182091
3,811,64.72466081404629,48.95271465014381,9.702279786306052
