{
  "timestamp": "2026-06-02 13:03:18",
  "neural_network": {
    "accuracy": 0.8578367875647669,
    "f1_weighted": 0.8629606528122142,
    "f1_macro": 0.8192964603986956,
    "f1_micro": 0.8578367875647669,
    "precision_weighted": 0.8926145090739354,
    "recall_weighted": 0.8578367875647669,
    "precision_per_class": [
      0.6494382022471911,
      0.7902264600715138,
      0.6229508196721312,
      0.9903846153846154
    ],
    "recall_per_class": [
      0.9796610169491525,
      0.9285714285714286,
      0.9559748427672956,
      0.8046875
    ],
    "f1_per_class": [
      0.7810810810810811,
      0.8538312942691565,
      0.7543424317617866,
      0.8879310344827587
    ],
    "confusion_matrix": [
      [
        289,
        0,
        1,
        5
      ],
      [
        21,
        663,
        25,
        5
      ],
      [
        2,
        0,
        152,
        5
      ],
      [
        133,
        176,
        66,
        1545
      ]
    ],
    "support": [
      295,
      714,
      159,
      1920
    ],
    "class_names": [
      "–Ъ—А–Є—В–Є—З–љ–Є–є —Б—В—А–µ—Б",
      "–Я–Њ–Љ—Ц—А–љ–Є–є —Б—В—А–µ—Б",
      "–Ы–µ–≥–Ї–Є–є —Б—В—А–µ—Б",
      "–Ч–і–Њ—А–Њ–≤–∞ —А–Њ—Б–ї–Є–љ–∞"
    ],
    "roc_auc": 0.9530579164405746,
    "roc_auc_per_class": [
      0.9785832620291649,
      0.9738400836324421,
      0.9898499283890654,
      0.9383608465325343
    ]
  },
  "cross_validation": {
    "accuracy_mean": 0.8580779585458659,
    "accuracy_std": 0.004707594758455126,
    "f1_mean": 0.8608615928854461,
    "f1_std": 0.004387322184645242
  },
  "baselines": {
    "RandomForest": {
      "accuracy": 0.864961139896373,
      "f1_weighted": 0.8689528343842647
    },
    "SVM": {
      "accuracy": 0.8468264248704663,
      "f1_weighted": 0.8514206072412278
    },
    "GradientBoosting": {
      "accuracy": 0.8623704663212435,
      "f1_weighted": 0.8670290901952442
    }
  },
  "roc_curves": {
    "auc_per_class": {
      "–Ъ—А–Є—В–Є—З–љ–Є–є —Б—В—А–µ—Б": 0.9785832620291649,
      "–Я–Њ–Љ—Ц—А–љ–Є–є —Б—В—А–µ—Б": 0.9738400836324421,
      "–Ы–µ–≥–Ї–Є–є —Б—В—А–µ—Б": 0.9898499283890654,
      "–Ч–і–Њ—А–Њ–≤–∞ —А–Њ—Б–ї–Є–љ–∞": 0.9383608465325343
    },
    "auc_micro": 0.9800543268219729,
    "auc_macro": 0.9703120162884157
  },
  "error_analysis": {
    "n_errors": 439,
    "error_rate": 0.14216321243523317,
    "confusion_pairs": {
      "–Ч–і–Њ—А–Њ–≤–∞ —А–Њ—Б–ї–Є–љ–∞вЖТ–Я–Њ–Љ—Ц—А–љ–Є–є —Б—В—А–µ—Б": 176,
      "–Ч–і–Њ—А–Њ–≤–∞ —А–Њ—Б–ї–Є–љ–∞вЖТ–Ъ—А–Є—В–Є—З–љ–Є–є —Б—В—А–µ—Б": 133,
      "–Ы–µ–≥–Ї–Є–є —Б—В—А–µ—БвЖТ–Ч–і–Њ—А–Њ–≤–∞ —А–Њ—Б–ї–Є–љ–∞": 5,
      "–Я–Њ–Љ—Ц—А–љ–Є–є —Б—В—А–µ—БвЖТ–Ъ—А–Є—В–Є—З–љ–Є–є —Б—В—А–µ—Б": 21,
      "–Ч–і–Њ—А–Њ–≤–∞ —А–Њ—Б–ї–Є–љ–∞вЖТ–Ы–µ–≥–Ї–Є–є —Б—В—А–µ—Б": 66,
      "–Я–Њ–Љ—Ц—А–љ–Є–є —Б—В—А–µ—БвЖТ–Ы–µ–≥–Ї–Є–є —Б—В—А–µ—Б": 25,
      "–Я–Њ–Љ—Ц—А–љ–Є–є —Б—В—А–µ—БвЖТ–Ч–і–Њ—А–Њ–≤–∞ —А–Њ—Б–ї–Є–љ–∞": 5,
      "–Ы–µ–≥–Ї–Є–є —Б—В—А–µ—БвЖТ–Ъ—А–Є—В–Є—З–љ–Є–є —Б—В—А–µ—Б": 2,
      "–Ъ—А–Є—В–Є—З–љ–Є–є —Б—В—А–µ—БвЖТ–Ч–і–Њ—А–Њ–≤–∞ —А–Њ—Б–ї–Є–љ–∞": 5,
      "–Ъ—А–Є—В–Є—З–љ–Є–є —Б—В—А–µ—БвЖТ–Ы–µ–≥–Ї–Є–є —Б—В—А–µ—Б": 1
    }
  },
  "arch_comparison": {
    "MLP": {
      "accuracy": 0.8581606217616581,
      "f1_weighted": 0.8633741363049138,
      "f1_macro": 0.8191261657215976,
      "roc_auc": 0.9536364937512369,
      "train_time": 319.464720249176,
      "n_params": 12516,
      "n_epochs": 100
    },
    "CNN": {
      "accuracy": 0.8516839378238342,
      "f1_weighted": 0.8555545768223094,
      "f1_macro": 0.8028135124801291,
      "roc_auc": 0.9494809540932987,
      "train_time": 485.736918926239,
      "n_params": 34244,
      "n_epochs": 100
    }
  },
  "ablation": {
    "experiments": [
      {
        "name": "mlp_basic",
        "accuracy": 0.8409974093264249,
        "f1_weighted": 0.8396877715207376,
        "f1_macro": 0.7582751142578628,
        "roc_auc": 0.9491730387865109
      },
      {
        "name": "mlp_smote",
        "accuracy": 0.8516839378238342,
        "f1_weighted": 0.8550676175780804,
        "f1_macro": 0.8017817878382464,
        "roc_auc": 0.9472591381839496
      },
      {
        "name": "mlp_class_weights",
        "accuracy": 0.8565414507772021,
        "f1_weighted": 0.8617659206186872,
        "f1_macro": 0.8125367481541712,
        "roc_auc": 0.9483733358610119
      },
      {
        "name": "mlp_full",
        "accuracy": 0.8571891191709845,
        "f1_weighted": 0.8623216611508921,
        "f1_macro": 0.8183018632799882,
        "roc_auc": 0.9537981251988541
      }
    ],
    "csv": "results/ablation_table.csv"
  }
}