{
  "timestamp": "2026-06-06 18:54:59",
  "neural_network": {
    "accuracy": 0.9083665338645418,
    "f1_weighted": 0.9093890014526159,
    "f1_macro": 0.8387523785885662,
    "f1_micro": 0.9083665338645418,
    "precision_weighted": 0.912987012987013,
    "recall_weighted": 0.9083665338645418,
    "precision_per_class": [
      0.7857142857142857,
      0.8666666666666667,
      0.6666666666666666,
      0.961038961038961
    ],
    "recall_per_class": [
      0.9565217391304348,
      0.9122807017543859,
      0.6666666666666666,
      0.9135802469135802
    ],
    "f1_per_class": [
      0.8627450980392157,
      0.8888888888888888,
      0.6666666666666666,
      0.9367088607594937
    ],
    "confusion_matrix": [
      [
        22,
        0,
        0,
        1
      ],
      [
        2,
        52,
        0,
        3
      ],
      [
        1,
        0,
        6,
        2
      ],
      [
        3,
        8,
        3,
        148
      ]
    ],
    "support": [
      23,
      57,
      9,
      162
    ],
    "class_names": [
      "–Ъ—А–Є—В–Є—З–љ–Є–є —Б—В—А–µ—Б",
      "–Я–Њ–Љ—Ц—А–љ–Є–є —Б—В—А–µ—Б",
      "–Ы–µ–≥–Ї–Є–є —Б—В—А–µ—Б",
      "–Ч–і–Њ—А–Њ–≤–∞ —А–Њ—Б–ї–Є–љ–∞"
    ],
    "roc_auc": 0.977737092675286,
    "roc_auc_per_class": [
      0.996186117467582,
      0.9876107795261349,
      0.955463728191001,
      0.9728811208211957
    ]
  },
  "cross_validation": {
    "accuracy_mean": 0.8914486055776892,
    "accuracy_std": 0.016106212756686795,
    "f1_mean": 0.8871780876565932,
    "f1_std": 0.017125095211404737
  },
  "baselines": {
    "RandomForest": {
      "accuracy": 0.9920318725099602,
      "f1_weighted": 0.9915583066506979
    },
    "SVM": {
      "accuracy": 0.8884462151394422,
      "f1_weighted": 0.8888863429579071
    },
    "GradientBoosting": {
      "accuracy": 0.9960159362549801,
      "f1_weighted": 0.9960270909899237
    }
  },
  "roc_curves": {
    "auc_per_class": {
      "–Ъ—А–Є—В–Є—З–љ–Є–є —Б—В—А–µ—Б": 0.996186117467582,
      "–Я–Њ–Љ—Ц—А–љ–Є–є —Б—В—А–µ—Б": 0.9876107795261349,
      "–Ы–µ–≥–Ї–Є–є —Б—В—А–µ—Б": 0.955463728191001,
      "–Ч–і–Њ—А–Њ–≤–∞ —А–Њ—Б–ї–Є–љ–∞": 0.9728811208211957
    },
    "auc_micro": 0.9864922779003508,
    "auc_macro": 0.9794310970122794
  },
  "error_analysis": {
    "n_errors": 23,
    "error_rate": 0.09163346613545817,
    "confusion_pairs": {
      "–Ч–і–Њ—А–Њ–≤–∞ —А–Њ—Б–ї–Є–љ–∞вЖТ–Ы–µ–≥–Ї–Є–є —Б—В—А–µ—Б": 3,
      "–Я–Њ–Љ—Ц—А–љ–Є–є —Б—В—А–µ—БвЖТ–Ч–і–Њ—А–Њ–≤–∞ —А–Њ—Б–ї–Є–љ–∞": 3,
      "–Ч–і–Њ—А–Њ–≤–∞ —А–Њ—Б–ї–Є–љ–∞вЖТ–Я–Њ–Љ—Ц—А–љ–Є–є —Б—В—А–µ—Б": 8,
      "–Ы–µ–≥–Ї–Є–є —Б—В—А–µ—БвЖТ–Ъ—А–Є—В–Є—З–љ–Є–є —Б—В—А–µ—Б": 1,
      "–Ч–і–Њ—А–Њ–≤–∞ —А–Њ—Б–ї–Є–љ–∞вЖТ–Ъ—А–Є—В–Є—З–љ–Є–є —Б—В—А–µ—Б": 3,
      "–Ы–µ–≥–Ї–Є–є —Б—В—А–µ—БвЖТ–Ч–і–Њ—А–Њ–≤–∞ —А–Њ—Б–ї–Є–љ–∞": 2,
      "–Ъ—А–Є—В–Є—З–љ–Є–є —Б—В—А–µ—БвЖТ–Ч–і–Њ—А–Њ–≤–∞ —А–Њ—Б–ї–Є–љ–∞": 1,
      "–Я–Њ–Љ—Ц—А–љ–Є–є —Б—В—А–µ—БвЖТ–Ъ—А–Є—В–Є—З–љ–Є–є —Б—В—А–µ—Б": 2
    }
  },
  "arch_comparison": {
    "MLP": {
      "accuracy": 0.7729083665338645,
      "f1_weighted": 0.7931620292074135,
      "f1_macro": 0.6936393138265697,
      "roc_auc": 0.9588030336249794,
      "train_time": 6.499862909317017,
      "n_params": 12516,
      "n_epochs": 20
    },
    "CNN": {
      "accuracy": 0.7290836653386454,
      "f1_weighted": 0.7462433555184689,
      "f1_macro": 0.62813954971777,
      "roc_auc": 0.8734828877092989,
      "train_time": 6.985186576843262,
      "n_params": 34244,
      "n_epochs": 20
    }
  },
  "split": {
    "train": 1002,
    "test": 251,
    "validation_split": 0.2,
    "split_strategy": "80/20 train/test (train_test_split); val-–Ї—А–Є–≤—Ц —З–µ—А–µ–Ј Keras validation_split=0.2",
    "dataset": "plant_health_biosensor_dataset.csv"
  },
  "smote": {
    "applied": true,
    "before": {
      "3": 649,
      "0": 91,
      "1": 228,
      "2": 34
    },
    "after": {
      "3": 649,
      "0": 649,
      "1": 649,
      "2": 649
    }
  },
  "visualizations": {
    "class_distribution_original": "results/class_dist_original.png",
    "smote_comparison": "results/smote_comparison.png",
    "correlation_heatmap": "results/correlation.png",
    "confusion_matrix": "results/confusion_matrix.png",
    "roc_curves": "results/roc_curves.png",
    "training_history": "results/training_history_mlp.png",
    "error_analysis": "results/error_analysis.png"
  }
}