{
  "timestamp": "2026-06-05 19:47:40",
  "neural_network": {
    "accuracy": 0.9569034317637669,
    "f1_weighted": 0.9573546747075217,
    "f1_macro": 0.9130168410963078,
    "f1_micro": 0.9569034317637669,
    "precision_weighted": 0.9584832384303683,
    "recall_weighted": 0.9569034317637669,
    "precision_per_class": [
      0.9719626168224299,
      0.9675090252707581,
      0.7254901960784313,
      0.9657701711491442
    ],
    "recall_per_class": [
      0.9122807017543859,
      0.9403508771929825,
      0.8604651162790697,
      0.9741060419235512
    ],
    "f1_per_class": [
      0.9411764705882353,
      0.9537366548042705,
      0.7872340425531915,
      0.9699201964395334
    ],
    "confusion_matrix": [
      [
        104,
        1,
        2,
        7
      ],
      [
        0,
        268,
        1,
        16
      ],
      [
        0,
        1,
        37,
        5
      ],
      [
        3,
        7,
        11,
        790
      ]
    ],
    "support": [
      114,
      285,
      43,
      811
    ],
    "class_names": [
      "–Ъ—А–Є—В–Є—З–љ–Є–є —Б—В—А–µ—Б",
      "–Я–Њ–Љ—Ц—А–љ–Є–є —Б—В—А–µ—Б",
      "–Ы–µ–≥–Ї–Є–є —Б—В—А–µ—Б",
      "–Ч–і–Њ—А–Њ–≤–∞ —А–Њ—Б–ї–Є–љ–∞"
    ],
    "roc_auc": 0.9925720991596095,
    "roc_auc_per_class": [
      0.9921599433174684,
      0.9975279106858055,
      0.9889871228137612,
      0.9910785522593749
    ]
  },
  "cross_validation": {
    "accuracy_mean": 0.8531539373706553,
    "accuracy_std": 0.008097337593515889,
    "f1_mean": 0.8546770483290613,
    "f1_std": 0.007611106512240493
  },
  "baselines": {
    "RandomForest": {
      "accuracy": 0.9433359936153233,
      "f1_weighted": 0.9417724723027106
    },
    "SVM": {
      "accuracy": 0.8986432561851556,
      "f1_weighted": 0.8971682350664407
    },
    "GradientBoosting": {
      "accuracy": 0.942537909018356,
      "f1_weighted": 0.9412462770597
    }
  },
  "roc_curves": {
    "auc_per_class": {
      "–Ъ—А–Є—В–Є—З–љ–Є–є —Б—В—А–µ—Б": 0.9921599433174684,
      "–Я–Њ–Љ—Ц—А–љ–Є–є —Б—В—А–µ—Б": 0.9975279106858055,
      "–Ы–µ–≥–Ї–Є–є —Б—В—А–µ—Б": 0.9889871228137612,
      "–Ч–і–Њ—А–Њ–≤–∞ —А–Њ—Б–ї–Є–љ–∞": 0.9910785522593749
    },
    "auc_micro": 0.9958335695315548,
    "auc_macro": 0.9929362520687496
  },
  "error_analysis": {
    "n_errors": 54,
    "error_rate": 0.04309656823623304,
    "confusion_pairs": {
      "–Я–Њ–Љ—Ц—А–љ–Є–є —Б—В—А–µ—БвЖТ–Ч–і–Њ—А–Њ–≤–∞ —А–Њ—Б–ї–Є–љ–∞": 16,
      "–Ы–µ–≥–Ї–Є–є —Б—В—А–µ—БвЖТ–Ч–і–Њ—А–Њ–≤–∞ —А–Њ—Б–ї–Є–љ–∞": 5,
      "–Ч–і–Њ—А–Њ–≤–∞ —А–Њ—Б–ї–Є–љ–∞вЖТ–Ъ—А–Є—В–Є—З–љ–Є–є —Б—В—А–µ—Б": 3,
      "–Ъ—А–Є—В–Є—З–љ–Є–є —Б—В—А–µ—БвЖТ–Ы–µ–≥–Ї–Є–є —Б—В—А–µ—Б": 2,
      "–Ъ—А–Є—В–Є—З–љ–Є–є —Б—В—А–µ—БвЖТ–Ч–і–Њ—А–Њ–≤–∞ —А–Њ—Б–ї–Є–љ–∞": 7,
      "–Я–Њ–Љ—Ц—А–љ–Є–є —Б—В—А–µ—БвЖТ–Ы–µ–≥–Ї–Є–є —Б—В—А–µ—Б": 1,
      "–Ч–і–Њ—А–Њ–≤–∞ —А–Њ—Б–ї–Є–љ–∞вЖТ–Я–Њ–Љ—Ц—А–љ–Є–є —Б—В—А–µ—Б": 7,
      "–Ч–і–Њ—А–Њ–≤–∞ —А–Њ—Б–ї–Є–љ–∞вЖТ–Ы–µ–≥–Ї–Є–є —Б—В—А–µ—Б": 11,
      "–Ъ—А–Є—В–Є—З–љ–Є–є —Б—В—А–µ—БвЖТ–Я–Њ–Љ—Ц—А–љ–Є–є —Б—В—А–µ—Б": 1,
      "–Ы–µ–≥–Ї–Є–є —Б—В—А–µ—БвЖТ–Я–Њ–Љ—Ц—А–љ–Є–є —Б—В—А–µ—Б": 1
    }
  },
  "arch_comparison": {
    "MLP": {
      "accuracy": 0.951316839584996,
      "f1_weighted": 0.9517839698761325,
      "f1_macro": 0.9057365667269546,
      "roc_auc": 0.9900533525268387,
      "train_time": 125.90751671791077,
      "n_params": 12516,
      "n_epochs": 47
    },
    "CNN": {
      "accuracy": 0.9217877094972067,
      "f1_weighted": 0.9192722867690686,
      "f1_macro": 0.8515818182640498,
      "roc_auc": 0.9863193481067498,
      "train_time": 172.72127199172974,
      "n_params": 34244,
      "n_epochs": 45
    }
  },
  "ablation": {
    "experiments": [
      {
        "name": "mlp_basic",
        "accuracy": 0.8474740932642487,
        "f1_weighted": 0.8476726225704977,
        "f1_macro": 0.7690498066075923,
        "roc_auc": 0.9455057886676349
      },
      {
        "name": "mlp_smote",
        "accuracy": 0.8409974093264249,
        "f1_weighted": 0.8468727306483538,
        "f1_macro": 0.7890019349025077,
        "roc_auc": 0.941380922971055
      },
      {
        "name": "mlp_class_weights",
        "accuracy": 0.8335492227979274,
        "f1_weighted": 0.84017569879051,
        "f1_macro": 0.7820546414730818,
        "roc_auc": 0.9458398257591235
      },
      {
        "name": "mlp_full",
        "accuracy": 0.8406735751295337,
        "f1_weighted": 0.8470070209415327,
        "f1_macro": 0.7933859820107274,
        "roc_auc": 0.952958942832825
      }
    ],
    "csv": "results/ablation_table.csv"
  }
}