{
  "timestamp": "2026-06-06 05:47:36",
  "neural_network": {
    "accuracy": 0.9362549800796812,
    "f1_weighted": 0.9368078705585821,
    "f1_macro": 0.8903628117913831,
    "f1_micro": 0.9362549800796812,
    "precision_weighted": 0.9400467511552583,
    "recall_weighted": 0.9362549800796812,
    "precision_per_class": [
      0.8461538461538461,
      0.8888888888888888,
      0.7777777777777778,
      0.9803921568627451
    ],
    "recall_per_class": [
      0.9565217391304348,
      0.9824561403508771,
      0.7777777777777778,
      0.9259259259259259
    ],
    "f1_per_class": [
      0.8979591836734694,
      0.9333333333333333,
      0.7777777777777778,
      0.9523809523809523
    ],
    "confusion_matrix": [
      [
        22,
        0,
        0,
        1
      ],
      [
        1,
        56,
        0,
        0
      ],
      [
        0,
        0,
        7,
        2
      ],
      [
        3,
        7,
        2,
        150
      ]
    ],
    "support": [
      23,
      57,
      9,
      162
    ],
    "class_names": [
      "Критичний стрес",
      "Помірний стрес",
      "Легкий стрес",
      "Здорова рослина"
    ],
    "roc_auc": 0.986392191624726,
    "roc_auc_per_class": [
      0.996186117467582,
      0.9954783866883704,
      0.9834710743801652,
      0.9819669857123041
    ]
  },
  "cross_validation": {
    "accuracy_mean": 0.9185721115537848,
    "accuracy_std": 0.01292329705608794,
    "f1_mean": 0.9163655501487492,
    "f1_std": 0.013032682571342264
  },
  "baselines": {
    "RandomForest": {
      "accuracy": 0.9920318725099602,
      "f1_weighted": 0.9915583066506979
    },
    "SVM": {
      "accuracy": 0.8884462151394422,
      "f1_weighted": 0.8888863429579071
    },
    "GradientBoosting": {
      "accuracy": 0.9960159362549801,
      "f1_weighted": 0.9960270909899237
    }
  },
  "roc_curves": {
    "auc_per_class": {
      "Критичний стрес": 0.996186117467582,
      "Помірний стрес": 0.9954783866883704,
      "Легкий стрес": 0.9834710743801652,
      "Здорова рослина": 0.9819669857123041
    },
    "auc_micro": 0.9934022211287652,
    "auc_macro": 0.990153119788181
  },
  "error_analysis": {
    "n_errors": 16,
    "error_rate": 0.06374501992031872,
    "confusion_pairs": {
      "Здорова рослина→Легкий стрес": 2,
      "Здорова рослина→Помірний стрес": 7,
      "Здорова рослина→Критичний стрес": 3,
      "Легкий стрес→Здорова рослина": 2,
      "Критичний стрес→Здорова рослина": 1,
      "Помірний стрес→Критичний стрес": 1
    }
  },
  "arch_comparison": {
    "MLP": {
      "accuracy": 0.8764940239043825,
      "f1_weighted": 0.8820779323576083,
      "f1_macro": 0.8107497634815515,
      "roc_auc": 0.9687921562849681,
      "train_time": 8.889790534973145,
      "n_params": 12516,
      "n_epochs": 46
    },
    "CNN": {
      "accuracy": 0.852589641434263,
      "f1_weighted": 0.8573133780666806,
      "f1_macro": 0.783453947368421,
      "roc_auc": 0.954498490586049,
      "train_time": 9.140022993087769,
      "n_params": 34244,
      "n_epochs": 40
    }
  },
  "ablation": {
    "experiments": [
      {
        "name": "mlp_basic",
        "accuracy": null,
        "f1_weighted": 0.9211582242458737,
        "f1_macro": 0.8655073422283566,
        "roc_auc": 0.981453095471439
      },
      {
        "name": "mlp_class_weights",
        "accuracy": null,
        "f1_weighted": 0.8906780350824552,
        "f1_macro": 0.8438099375881472,
        "roc_auc": 0.9795585443132062
      },
      {
        "name": "mlp_full",
        "accuracy": null,
        "f1_weighted": 0.8548960291793286,
        "f1_macro": 0.7779725536007174,
        "roc_auc": 0.9557884991343445
      }
    ],
    "csv": "results/ablation_table.csv"
  },
  "split": {
    "train": 1002,
    "val": 251,
    "val_size": 0.2,
    "dataset": "plant_health_biosensor_dataset.csv"
  },
  "smote": {
    "applied": true,
    "before": {
      "3": 649,
      "0": 91,
      "1": 228,
      "2": 34
    },
    "after": {
      "3": 649,
      "0": 649,
      "1": 649,
      "2": 649
    }
  },
  "visualizations": {
    "class_distribution_original": "results/class_dist_original.png",
    "smote_comparison": "results/smote_comparison.png",
    "correlation_heatmap": "results/correlation.png",
    "confusion_matrix": "results/confusion_matrix.png",
    "roc_curves": "results/roc_curves.png",
    "training_history": "results/training_history_mlp.png",
    "error_analysis": "results/error_analysis.png"
  }
}