{
  "timestamp": "2026-06-06 14:15:52",
  "neural_network": {
    "accuracy": 0.8955223880597015,
    "f1_weighted": 0.8953021129779488,
    "f1_macro": 0.8196775393331703,
    "f1_micro": 0.8955223880597015,
    "precision_weighted": 0.897797454023955,
    "recall_weighted": 0.8955223880597015,
    "precision_per_class": [
      0.9285714285714286,
      0.8541666666666666,
      0.625,
      0.9236641221374046
    ],
    "recall_per_class": [
      0.7222222222222222,
      0.8913043478260869,
      0.7142857142857143,
      0.9307692307692308
    ],
    "f1_per_class": [
      0.8125,
      0.8723404255319149,
      0.6666666666666666,
      0.9272030651340997
    ],
    "confusion_matrix": [
      [
        13,
        1,
        1,
        3
      ],
      [
        0,
        41,
        0,
        5
      ],
      [
        0,
        0,
        5,
        2
      ],
      [
        1,
        6,
        2,
        121
      ]
    ],
    "support": [
      18,
      46,
      7,
      130
    ],
    "class_names": [
      "–Ъ—А–Є—В–Є—З–љ–Є–є —Б—В—А–µ—Б",
      "–Я–Њ–Љ—Ц—А–љ–Є–є —Б—В—А–µ—Б",
      "–Ы–µ–≥–Ї–Є–є —Б—В—А–µ—Б",
      "–Ч–і–Њ—А–Њ–≤–∞ —А–Њ—Б–ї–Є–љ–∞"
    ],
    "roc_auc": 0.9749963654900826,
    "roc_auc_per_class": [
      0.9529447480267152,
      0.985413744740533,
      0.98379970544919,
      0.9738894907908991
    ]
  },
  "cross_validation": {
    "accuracy_mean": 0.9225752988047808,
    "accuracy_std": 0.00868527709344207,
    "f1_mean": 0.9205182840394628,
    "f1_std": 0.008438371075904033
  },
  "baselines": {
    "RandomForest": {
      "accuracy": 0.9751243781094527,
      "f1_weighted": 0.974381096417971
    },
    "SVM": {
      "accuracy": 0.900497512437811,
      "f1_weighted": 0.8964201548647738
    },
    "GradientBoosting": {
      "accuracy": 0.9800995024875622,
      "f1_weighted": 0.9797389226713196
    }
  },
  "test_metrics": {
    "accuracy": 0.896414342629482,
    "f1_weighted": 0.8992343661879575,
    "f1_macro": 0.8343175753201018,
    "f1_micro": 0.896414342629482,
    "precision_weighted": 0.9073170650485551,
    "recall_weighted": 0.896414342629482,
    "precision_per_class": [
      0.8461538461538461,
      0.8412698412698413,
      0.5384615384615384,
      0.959731543624161
    ],
    "recall_per_class": [
      0.9565217391304348,
      0.9298245614035088,
      0.7777777777777778,
      0.8827160493827161
    ],
    "f1_per_class": [
      0.8979591836734694,
      0.8833333333333333,
      0.6363636363636364,
      0.9196141479099679
    ],
    "confusion_matrix": [
      [
        22,
        0,
        1,
        0
      ],
      [
        0,
        53,
        0,
        4
      ],
      [
        0,
        0,
        7,
        2
      ],
      [
        4,
        10,
        5,
        143
      ]
    ],
    "support": [
      23,
      57,
      9,
      162
    ],
    "class_names": [
      "–Ъ—А–Є—В–Є—З–љ–Є–є —Б—В—А–µ—Б",
      "–Я–Њ–Љ—Ц—А–љ–Є–є —Б—В—А–µ—Б",
      "–Ы–µ–≥–Ї–Є–є —Б—В—А–µ—Б",
      "–Ч–і–Њ—А–Њ–≤–∞ —А–Њ—Б–ї–Є–љ–∞"
    ],
    "roc_auc": 0.9635769906138172,
    "roc_auc_per_class": [
      0.9925629290617849,
      0.982275275818412,
      0.9531680440771348,
      0.9534609515882924
    ]
  },
  "roc_curves": {
    "auc_per_class": {
      "–Ъ—А–Є—В–Є—З–љ–Є–є —Б—В—А–µ—Б": 0.9529447480267152,
      "–Я–Њ–Љ—Ц—А–љ–Є–є —Б—В—А–µ—Б": 0.985413744740533,
      "–Ы–µ–≥–Ї–Є–є —Б—В—А–µ—Б": 0.98379970544919,
      "–Ч–і–Њ—А–Њ–≤–∞ —А–Њ—Б–ї–Є–љ–∞": 0.9738894907908991
    },
    "auc_micro": 0.9849261156902057,
    "auc_macro": 0.9779177251321323
  },
  "error_analysis": {
    "n_errors": 21,
    "error_rate": 0.1044776119402985,
    "confusion_pairs": {
      "–Ъ—А–Є—В–Є—З–љ–Є–є —Б—В—А–µ—БвЖТ–Ы–µ–≥–Ї–Є–є —Б—В—А–µ—Б": 1,
      "–Я–Њ–Љ—Ц—А–љ–Є–є —Б—В—А–µ—БвЖТ–Ч–і–Њ—А–Њ–≤–∞ —А–Њ—Б–ї–Є–љ–∞": 5,
      "–Ъ—А–Є—В–Є—З–љ–Є–є —Б—В—А–µ—БвЖТ–Ч–і–Њ—А–Њ–≤–∞ —А–Њ—Б–ї–Є–љ–∞": 3,
      "–Ч–і–Њ—А–Њ–≤–∞ —А–Њ—Б–ї–Є–љ–∞вЖТ–Ы–µ–≥–Ї–Є–є —Б—В—А–µ—Б": 2,
      "–Ч–і–Њ—А–Њ–≤–∞ —А–Њ—Б–ї–Є–љ–∞вЖТ–Я–Њ–Љ—Ц—А–љ–Є–є —Б—В—А–µ—Б": 6,
      "–Ы–µ–≥–Ї–Є–є —Б—В—А–µ—БвЖТ–Ч–і–Њ—А–Њ–≤–∞ —А–Њ—Б–ї–Є–љ–∞": 2,
      "–Ч–і–Њ—А–Њ–≤–∞ —А–Њ—Б–ї–Є–љ–∞вЖТ–Ъ—А–Є—В–Є—З–љ–Є–є —Б—В—А–µ—Б": 1,
      "–Ъ—А–Є—В–Є—З–љ–Є–є —Б—В—А–µ—БвЖТ–Я–Њ–Љ—Ц—А–љ–Є–є —Б—В—А–µ—Б": 1
    }
  },
  "arch_comparison": {
    "MLP": {
      "accuracy": 0.8855721393034826,
      "f1_weighted": 0.8878876624410674,
      "f1_macro": 0.8137248130361414,
      "roc_auc": 0.9790573549370994,
      "train_time": 17.513680696487427,
      "n_params": 12516,
      "n_epochs": 50
    },
    "CNN": {
      "accuracy": 0.8606965174129353,
      "f1_weighted": 0.860010837983046,
      "f1_macro": 0.7737244473001594,
      "roc_auc": 0.9498025298265667,
      "train_time": 17.61972427368164,
      "n_params": 34244,
      "n_epochs": 50
    }
  },
  "ablation": {
    "experiments": [
      {
        "name": "mlp_basic",
        "accuracy": 0.8905472636815921,
        "f1_weighted": 0.8758838528765254,
        "f1_macro": 0.6910661126271397,
        "roc_auc": 0.9724385613202722,
        "config": {
          "use_class_weight": false,
          "l2_reg": 0.0,
          "dropout": 0.0
        }
      },
      {
        "name": "mlp_class_weights",
        "accuracy": 0.9154228855721394,
        "f1_weighted": 0.9121347012941671,
        "f1_macro": 0.8323763955342904,
        "roc_auc": 0.9826951471162875,
        "config": {
          "use_class_weight": true,
          "l2_reg": 0.0,
          "dropout": 0.0
        }
      },
      {
        "name": "mlp_full",
        "accuracy": 0.8407960199004975,
        "f1_weighted": 0.8478121576433296,
        "f1_macro": 0.7298664472434965,
        "roc_auc": 0.9688104708240632,
        "config": {
          "use_class_weight": true,
          "l2_reg": 0.0001,
          "dropout": 0.3
        }
      }
    ]
  },
  "split": {
    "train": 801,
    "val": 201,
    "test": 251,
    "split_strategy": "80/20 (test isolated); val=20% of train pool –≤вА†вАЩ 64/16/20",
    "dataset": "plant_health_biosensor_dataset.csv"
  },
  "smote": {
    "applied": true,
    "before": {
      "1": 182,
      "3": 519,
      "0": 73,
      "2": 27
    },
    "after": {
      "1": 519,
      "3": 519,
      "0": 519,
      "2": 519
    }
  },
  "visualizations": {
    "class_distribution_original": "results/class_dist_original.png",
    "smote_comparison": "results/smote_comparison.png",
    "correlation_heatmap": "results/correlation.png",
    "confusion_matrix": "results/confusion_matrix.png",
    "roc_curves": "results/roc_curves.png",
    "training_history": "results/training_history_mlp.png",
    "error_analysis": "results/error_analysis.png"
  }
}